"intercept_dry","slope_dry","intercept_wet","slope_wet"
0.219966177390273,0.892186571154006,0.430728331816212,1.16653372165405
