"intercept_dry","slope_dry","intercept_wet","slope_wet"
0.299425152099069,1.38577860309964,0.695435185712468,1.27592530121026
