"intercept_dry","slope_dry","intercept_wet","slope_wet"
-0.511896452776097,1.6968515291697,0.0122301362065011,2.0830809696458
