"intercept_dry","slope_dry","intercept_wet","slope_wet"
-0.154980123174297,3.31268567825634,-0.278092260372729,6.78590775191129
