"alpha_dry","beta1_dry","beta2_dry","alpha_wet","beta1_wet","beta2_wet"
1.62068628621852,5.4165183838242,0.00155008729631367,3.47717463782453,14.4446918838049,2.10651623469364
