"intercept_dry","slope_dry","intercept_wet","slope_wet"
0.0428513969653437,1.77498648487512,0.638013468226477,2.84634700915025
