"intercept_dry","slope_dry","intercept_wet","slope_wet"
0.158867314118101,2.62209681094246,-0.421182783974307,6.99256936645532
