"intercept_dry","slope_dry","intercept_wet","slope_wet"
-0.570253055464981,1.89136605740258,0.13047325082969,1.93554655646733
