"alpha_dry","beta1_dry","beta2_dry","alpha_wet","beta1_wet","beta2_wet"
1.77465928441002,5.14427128567816,0.663810916472301,3.6746990051156,10.5378396219567,0.329124081696222
