"alpha_dry","beta1_dry","beta2_dry","alpha_wet","beta1_wet","beta2_wet"
0.697836500490216,1.19651369908203,0.270799553195008,1.06226370981042,1.10166378560664,-0.0347323344685696
