"alpha_dry","beta1_dry","beta2_dry","alpha_wet","beta1_wet","beta2_wet"
0.850650594433149,1.37403145582672,0.101182990712088,2.14745909835353,2.9682317047829,-0.251669084880637
