"intercept_dry","slope_dry","intercept_wet","slope_wet"
-0.946075599063469,1.9619449606387,-0.299127124275739,1.21511854649582
