"RMSE.dry","RMSE.wet"
0.101732467748934,0.220719482227956
