"RMSE.dry","RMSE.wet"
0.063050439332934,0.0498408893452926
