"RMSE.dry","RMSE.wet"
0.104181851685729,0.280828139111799
