"RMSE.dry","RMSE.wet"
0.104181760885548,0.209581016320219
