"RMSE.dry","RMSE.wet"
0.0507307396435355,0.0671555901084643
