"RMSE.dry","RMSE.wet"
0.0784402740077071,0.218369973767113
