"intercept_dry","slope_dry","intercept_wet","slope_wet"
0.0973032206638804,1.66991689970657,1.94044689255797,0.159495977023898
