"alpha_dry","beta1_dry","beta2_dry","alpha_wet","beta1_wet","beta2_wet"
0.4954729506085,0.883936140979288,-0.124078049585645,1.36383195555979,1.41746937939825,-0.671596213332832
