"alpha_dry","beta1_dry","beta2_dry","alpha_wet","beta1_wet","beta2_wet"
0.58060940024443,0.746766108832731,0.00914344623725418,1.19576614657417,0.841702834732317,-0.270541950678101
