"intercept_dry","slope_dry","intercept_wet","slope_wet"
0.146266278573225,1.5110706705912,0.623610681393463,2.08904054869572
