"intercept_dry","slope_dry","intercept_wet","slope_wet"
0.180277269483732,1.42975760985963,0.744539604139872,1.61152336583678
