"alpha_dry","beta1_dry","beta2_dry","alpha_wet","beta1_wet","beta2_wet"
0.53158929957398,0.680820767910873,-0.125999732345695,1.15631602131087,0.941228109472549,-0.23094132498611
