"alpha_dry","beta1_dry","beta2_dry","alpha_wet","beta1_wet","beta2_wet"
0.523132030089055,0.831611909533256,-0.0842759797286715,1.98111836669907,0.0794283560092261,-1.69231982954803
