"intercept_dry","slope_dry","intercept_wet","slope_wet"
0.0708356815174293,2.7640191696439,-0.499347012458397,6.94578936208287
