"alpha_dry","beta1_dry","beta2_dry","alpha_wet","beta1_wet","beta2_wet"
1.55649598520102,5.70969026892547,0.241932792048177,3.23401476966115,14.3480574831903,2.20628712078427
