"RMSE.dry","RMSE.wet"
0.095566570111842,0.246036800739452
