"RMSE.dry","RMSE.wet"
0.0931240654192012,0.149015899644753
